[{"value":"ACURA","title":"Acura","models":[{"value":"CL_MODELS","title":"CL Models (4)"},{"value":"2.2CL","title":" - 2.2CL"},{"value":"2.3CL","title":" - 2.3CL"},{"value":"3.0CL","title":" - 3.0CL"},{"value":"3.2CL","title":" - 3.2CL"},{"value":"ILX","title":"ILX"},{"value":"INTEG","title":"Integra"},{"value":"LEGEND","title":"Legend"},{"value":"MDX","title":"MDX"},{"value":"NSX","title":"NSX"},{"value":"RDX","title":"RDX"},{"value":"RL_MODELS","title":"RL Models (2)"},{"value":"3.5RL","title":" - 3.5 RL"},{"value":"RL","title":" - RL"},{"value":"RSX","title":"RSX"},{"value":"SLX","title":"SLX"},{"value":"TL_MODELS","title":"TL Models (3)"},{"value":"2.5TL","title":" - 2.5TL"},{"value":"3.2TL","title":" - 3.2TL"},{"value":"TL","title":" - TL"},{"value":"TSX","title":"TSX"},{"value":"VIGOR","title":"Vigor"},{"value":"ZDX","title":"ZDX"},{"value":"ACUOTH","title":"Other Acura Models"}]},{"value":"ALFA","title":"Alfa Romeo","models":[{"value":"ALFA164","title":"164"},{"value":"ALFA8C","title":"8C Competizione"},{"value":"ALFAGT","title":"GTV-6"},{"value":"MIL","title":"Milano"},{"value":"SPID","title":"Spider"},{"value":"ALFAOTH","title":"Other Alfa Romeo Models"}]},{"value":"AMC","title":"AMC","models":[{"value":"AMCALLIAN","title":"Alliance"},{"value":"CON","title":"Concord"},{"value":"EAGLE","title":"Eagle"},{"value":"AMCENC","title":"Encore"},{"value":"AMCSPIRIT","title":"Spirit"},{"value":"AMCOTH","title":"Other AMC Models"}]},{"value":"ASTON","title":"Aston Martin","models":[{"value":"DB7","title":"DB7"},{"value":"DB9","title":"DB9"},{"value":"DBS","title":"DBS"},{"value":"LAGONDA","title":"Lagonda"},{"value":"RAPIDE","title":"Rapide"},{"value":"V12VANT","title":"V12 Vantage"},{"value":"VANTAGE","title":"V8 Vantage"},{"value":"VANQUISH","title":"Vanquish"},{"value":"VIRAGE","title":"Virage"},{"value":"UNAVAILAST","title":"Other Aston Martin Models"}]},{"value":"AUDI","title":"Audi","models":[{"value":"AUDI100","title":"100"},{"value":"AUDI200","title":"200"},{"value":"4000","title":"4000"},{"value":"5000","title":"5000"},{"value":"80","title":"80"},{"value":"90","title":"90"},{"value":"A3","title":"A3"},{"value":"A4","title":"A4"},{"value":"A5","title":"A5"},{"value":"A6","title":"A6"},{"value":"A7","title":"A7"},{"value":"A8","title":"A8"},{"value":"ALLRDQUA","title":"allroad"},{"value":"AUDICABRI","title":"Cabriolet"},{"value":"AUDICOUPE","title":"Coupe"},{"value":"Q3","title":"Q3"},{"value":"Q5","title":"Q5"},{"value":"Q7","title":"Q7"},{"value":"QUATTR","title":"Quattro"},{"value":"R8","title":"R8"},{"value":"RS4","title":"RS 4"},{"value":"RS5","title":"RS 5"},{"value":"RS6","title":"RS 6"},{"value":"S4","title":"S4"},{"value":"S5","title":"S5"},{"value":"S6","title":"S6"},{"value":"S7","title":"S7"},{"value":"S8","title":"S8"},{"value":"TT","title":"TT"},{"value":"TTRS","title":"TT RS"},{"value":"TTS","title":"TTS"},{"value":"V8","title":"V8 Quattro"},{"value":"AUDOTH","title":"Other Audi Models"}]},{"value":"AVANTI","title":"Avanti","models":[{"value":"CONVERT","title":"Convertible"},{"value":"COUPEAVANT","title":"Coupe"},{"value":"SEDAN","title":"Sedan"},{"value":"UNAVAILAVA","title":"Other Avanti Models"}]},{"value":"BENTL","title":"Bentley","models":[{"value":"ARNAGE","title":"Arnage"},{"value":"AZURE","title":"Azure"},{"value":"BROOKLANDS","title":"Brooklands"},{"value":"BENCONT","title":"Continental"},{"value":"CORNICHE","title":"Corniche"},{"value":"BENEIGHT","title":"Eight"},{"value":"BENMUL","title":"Mulsanne"},{"value":"BENTURBO","title":"Turbo R"},{"value":"UNAVAILBEN","title":"Other Bentley Models"}]},{"value":"BMW","title":"BMW","models":[{"value":"1_SERIES","title":"1 Series (3)"},{"value":"128I","title":" - 128i"},{"value":"135I","title":" - 135i"},{"value":"135IS","title":" - 135is"},{"value":"3_SERIES","title":"3 Series (29)"},{"value":"318I","title":" - 318i"},{"value":"318IC","title":" - 318iC"},{"value":"318IS","title":" - 318iS"},{"value":"318TI","title":" - 318ti"},{"value":"320I","title":" - 320i"},{"value":"323CI","title":" - 323ci"},{"value":"323I","title":" - 323i"},{"value":"323IS","title":" - 323is"},{"value":"323IT","title":" - 323iT"},{"value":"325CI","title":" - 325Ci"},{"value":"325E","title":" - 325e"},{"value":"325ES","title":" - 325es"},{"value":"325I","title":" - 325i"},{"value":"325IS","title":" - 325is"},{"value":"325IX","title":" - 325iX"},{"value":"325XI","title":" - 325xi"},{"value":"328CI","title":" - 328Ci"},{"value":"328I","title":" - 328i"},{"value":"328IS","title":" - 328iS"},{"value":"328XI","title":" - 328xi"},{"value":"330CI","title":" - 330Ci"},{"value":"330I","title":" - 330i"},{"value":"330XI","title":" - 330xi"},{"value":"335D","title":" - 335d"},{"value":"335I","title":" - 335i"},{"value":"335IS","title":" - 335is"},{"value":"335XI","title":" - 335xi"},{"value":"ACTIVE3","title":" - ActiveHybrid 3"},{"value":"BMW325","title":" - 325"},{"value":"5_SERIES","title":"5 Series (19)"},{"value":"524TD","title":" - 524td"},{"value":"525I","title":" - 525i"},{"value":"525XI","title":" - 525xi"},{"value":"528E","title":" - 528e"},{"value":"528I","title":" - 528i"},{"value":"528IT","title":" - 528iT"},{"value":"528XI","title":" - 528xi"},{"value":"530I","title":" - 530i"},{"value":"530IT","title":" - 530iT"},{"value":"530XI","title":" - 530xi"},{"value":"533I","title":" - 533i"},{"value":"535I","title":" - 535i"},{"value":"535IGT","title":" - 535i Gran Turismo"},{"value":"535XI","title":" - 535xi"},{"value":"540I","title":" - 540i"},{"value":"545I","title":" - 545i"},{"value":"550I","title":" - 550i"},{"value":"550IGT","title":" - 550i Gran Turismo"},{"value":"ACTIVE5","title":" - ActiveHybrid 5"},{"value":"6_SERIES","title":"6 Series (8)"},{"value":"633CSI","title":" - 633CSi"},{"value":"635CSI","title":" - 635CSi"},{"value":"640I","title":" - 640i"},{"value":"640IGC","title":" - 640i Gran Coupe"},{"value":"645CI","title":" - 645Ci"},{"value":"650I","title":" - 650i"},{"value":"650IGC","title":" - 650i Gran Coupe"},{"value":"L6","title":" - L6"},{"value":"7_SERIES","title":"7 Series (15)"},{"value":"733I","title":" - 733i"},{"value":"735I","title":" - 735i"},{"value":"735IL","title":" - 735iL"},{"value":"740I","title":" - 740i"},{"value":"740IL","title":" - 740iL"},{"value":"740LI","title":" - 740Li"},{"value":"745I","title":" - 745i"},{"value":"745LI","title":" - 745Li"},{"value":"750I","title":" - 750i"},{"value":"750IL","title":" - 750iL"},{"value":"750LI","title":" - 750Li"},{"value":"760I","title":" - 760i"},{"value":"760LI","title":" - 760Li"},{"value":"ACTIVE7","title":" - ActiveHybrid 7"},{"value":"ALPINAB7","title":" - Alpina B7"},{"value":"8_SERIES","title":"8 Series (4)"},{"value":"840CI","title":" - 840Ci"},{"value":"850CI","title":" - 850Ci"},{"value":"850CSI","title":" - 850CSi"},{"value":"850I","title":" - 850i"},{"value":"L_SERIES","title":"L Series (1)"},{"value":"L7","title":" - L7"},{"value":"M_SERIES","title":"M Series (8)"},{"value":"1SERIESM","title":" - 1 Series M"},{"value":"BMWMCOUPE","title":" - M Coupe"},{"value":"BMWROAD","title":" - M Roadster"},{"value":"M3","title":" - M3"},{"value":"M5","title":" - M5"},{"value":"M6","title":" - M6"},{"value":"X5M","title":" - X5 M"},{"value":"X6M","title":" - X6 M"},{"value":"X_SERIES","title":"X Series (5)"},{"value":"ACTIVEX6","title":" - ActiveHybrid X6"},{"value":"X1","title":" - X1"},{"value":"X3","title":" - X3"},{"value":"X5","title":" - X5"},{"value":"X6","title":" - X6"},{"value":"Z_SERIES","title":"Z Series (3)"},{"value":"Z3","title":" - Z3"},{"value":"Z4","title":" - Z4"},{"value":"Z8","title":" - Z8"},{"value":"BMWOTH","title":"Other BMW Models"}]},{"value":"BUICK","title":"Buick","models":[{"value":"CENT","title":"Century"},{"value":"ELEC","title":"Electra"},{"value":"ENCLAVE","title":"Enclave"},{"value":"BUIENC","title":"Encore"},{"value":"LACROSSE","title":"LaCrosse"},{"value":"LESA","title":"Le Sabre"},{"value":"LUCERNE","title":"Lucerne"},{"value":"PARK","title":"Park Avenue"},{"value":"RAINIER","title":"Rainier"},{"value":"REATTA","title":"Reatta"},{"value":"REG","title":"Regal"},{"value":"RENDEZVOUS","title":"Rendezvous"},{"value":"RIV","title":"Riviera"},{"value":"BUICKROAD","title":"Roadmaster"},{"value":"SKYH","title":"Skyhawk"},{"value":"SKYL","title":"Skylark"},{"value":"SOMER","title":"Somerset"},{"value":"TERRAZA","title":"Terraza"},{"value":"BUVERANO","title":"Verano"},{"value":"BUOTH","title":"Other Buick Models"}]},{"value":"CAD","title":"Cadillac","models":[{"value":"ALLANT","title":"Allante"},{"value":"ATS","title":"ATS"},{"value":"BROUGH","title":"Brougham"},{"value":"CATERA","title":"Catera"},{"value":"CIMA","title":"Cimarron"},{"value":"CTS","title":"CTS"},{"value":"DEV","title":"De Ville"},{"value":"DTS","title":"DTS"},{"value":"ELDO","title":"Eldorado"},{"value":"ESCALA","title":"Escalade"},{"value":"ESCALAESV","title":"Escalade ESV"},{"value":"EXT","title":"Escalade EXT"},{"value":"FLEE","title":"Fleetwood"},{"value":"SEV","title":"Seville"},{"value":"SRX","title":"SRX"},{"value":"STS","title":"STS"},{"value":"XLR","title":"XLR"},{"value":"XTS","title":"XTS"},{"value":"CADOTH","title":"Other Cadillac Models"}]},{"value":"CHEV","title":"Chevrolet","models":[{"value":"ASTRO","title":"Astro"},{"value":"AVALNCH","title":"Avalanche"},{"value":"AVEO","title":"Aveo"},{"value":"AVEO5","title":"Aveo5"},{"value":"BERETT","title":"Beretta"},{"value":"BLAZER","title":"Blazer"},{"value":"CAM","title":"Camaro"},{"value":"CAP","title":"Caprice"},{"value":"CHECAPS","title":"Captiva Sport"},{"value":"CAV","title":"Cavalier"},{"value":"CELE","title":"Celebrity"},{"value":"CHEVETTE","title":"Chevette"},{"value":"CITATION","title":"Citation"},{"value":"COBALT","title":"Cobalt"},{"value":"COLORADO","title":"Colorado"},{"value":"CORSI","title":"Corsica"},{"value":"CORV","title":"Corvette"},{"value":"CRUZE","title":"Cruze"},{"value":"ELCAM","title":"El Camino"},{"value":"EQUINOX","title":"Equinox"},{"value":"G15EXP","title":"Express Van"},{"value":"G10","title":"G Van"},{"value":"HHR","title":"HHR"},{"value":"CHEVIMP","title":"Impala"},{"value":"KODC4500","title":"Kodiak C4500"},{"value":"LUMINA","title":"Lumina"},{"value":"LAPV","title":"Lumina APV"},{"value":"LUV","title":"LUV"},{"value":"MALI","title":"Malibu"},{"value":"CHVMETR","title":"Metro"},{"value":"CHEVMONT","title":"Monte Carlo"},{"value":"NOVA","title":"Nova"},{"value":"CHEVPRIZM","title":"Prizm"},{"value":"CHVST","title":"S10 Blazer"},{"value":"S10PICKUP","title":"S10 Pickup"},{"value":"CHEV150","title":"Silverado and other C/K1500"},{"value":"CHEVC25","title":"Silverado and other C/K2500"},{"value":"CH3500PU","title":"Silverado and other C/K3500"},{"value":"SONIC","title":"Sonic"},{"value":"SPARK","title":"Spark"},{"value":"CHEVSPEC","title":"Spectrum"},{"value":"CHSPRINT","title":"Sprint"},{"value":"SSR","title":"SSR"},{"value":"CHEVSUB","title":"Suburban"},{"value":"TAHOE","title":"Tahoe"},{"value":"TRACKE","title":"Tracker"},{"value":"TRAILBLZ","title":"TrailBlazer"},{"value":"TRAILBZEXT","title":"TrailBlazer EXT"},{"value":"TRAVERSE","title":"Traverse"},{"value":"UPLANDER","title":"Uplander"},{"value":"VENTUR","title":"Venture"},{"value":"VOLT","title":"Volt"},{"value":"CHEOTH","title":"Other Chevrolet Models"}]},{"value":"CHRY","title":"Chrysler","models":[{"value":"CHRYS200","title":"200"},{"value":"300","title":"300"},{"value":"CHRY300","title":"300M"},{"value":"ASPEN","title":"Aspen"},{"value":"CARAVAN","title":"Caravan"},{"value":"CIRRUS","title":"Cirrus"},{"value":"CONC","title":"Concorde"},{"value":"CHRYCONQ","title":"Conquest"},{"value":"CORDOBA","title":"Cordoba"},{"value":"CROSSFIRE","title":"Crossfire"},{"value":"ECLASS","title":"E Class"},{"value":"FIFTH","title":"Fifth Avenue"},{"value":"CHRYGRANDV","title":"Grand Voyager"},{"value":"IMPE","title":"Imperial"},{"value":"INTREPID","title":"Intrepid"},{"value":"CHRYLAS","title":"Laser"},{"value":"LEBA","title":"LeBaron"},{"value":"LHS","title":"LHS"},{"value":"CHRYNEON","title":"Neon"},{"value":"NY","title":"New Yorker"},{"value":"NEWPORT","title":"Newport"},{"value":"PACIFICA","title":"Pacifica"},{"value":"CHPROWLE","title":"Prowler"},{"value":"PTCRUIS","title":"PT Cruiser"},{"value":"CHRYSEB","title":"Sebring"},{"value":"CHRYTC","title":"TC by Maserati"},{"value":"TANDC","title":"Town &amp; Country"},{"value":"VOYAGER","title":"Voyager"},{"value":"CHOTH","title":"Other Chrysler Models"}]},{"value":"DAEW","title":"Daewoo","models":[{"value":"LANOS","title":"Lanos"},{"value":"LEGANZA","title":"Leganza"},{"value":"NUBIRA","title":"Nubira"},{"value":"DAEOTH","title":"Other Daewoo Models"}]},{"value":"DAIHAT","title":"Daihatsu","models":[{"value":"CHAR","title":"Charade"},{"value":"ROCKY","title":"Rocky"},{"value":"DAIHOTH","title":"Other Daihatsu Models"}]},{"value":"DATSUN","title":"Datsun","models":[{"value":"DAT200SX","title":"200SX"},{"value":"DAT210","title":"210"},{"value":"280Z","title":"280ZX"},{"value":"300ZX","title":"300ZX"},{"value":"310","title":"310"},{"value":"510","title":"510"},{"value":"720","title":"720"},{"value":"810","title":"810"},{"value":"DATMAX","title":"Maxima"},{"value":"DATPU","title":"Pickup"},{"value":"PUL","title":"Pulsar"},{"value":"DATSENT","title":"Sentra"},{"value":"STAN","title":"Stanza"},{"value":"DATOTH","title":"Other Datsun Models"}]},{"value":"DELOREAN","title":"DeLorean","models":[{"value":"DMC12","title":"DMC-12"}]},{"value":"DODGE","title":"Dodge","models":[{"value":"400","title":"400"},{"value":"DOD600","title":"600"},{"value":"ARI","title":"Aries"},{"value":"AVENGR","title":"Avenger"},{"value":"CALIBER","title":"Caliber"},{"value":"DODCARA","title":"Caravan"},{"value":"CHALLENGER","title":"Challenger"},{"value":"DODCHAR","title":"Charger"},{"value":"DODCOLT","title":"Colt"},{"value":"DODCONQ","title":"Conquest"},{"value":"DODDW","title":"D/W Truck"},{"value":"DAKOTA","title":"Dakota"},{"value":"DODDART","title":"Dart"},{"value":"DAY","title":"Daytona"},{"value":"DIPLOMA","title":"Diplomat"},{"value":"DURANG","title":"Durango"},{"value":"DODDYNA","title":"Dynasty"},{"value":"GRANDCARAV","title":"Grand Caravan"},{"value":"INTRE","title":"Intrepid"},{"value":"JOURNEY","title":"Journey"},{"value":"LANCERDODG","title":"Lancer"},{"value":"MAGNUM","title":"Magnum"},{"value":"MIRADA","title":"Mirada"},{"value":"MONACO","title":"Monaco"},{"value":"DODNEON","title":"Neon"},{"value":"NITRO","title":"Nitro"},{"value":"OMNI","title":"Omni"},{"value":"RAIDER","title":"Raider"},{"value":"RAM1504WD","title":"Ram 1500 Truck"},{"value":"RAM25002WD","title":"Ram 2500 Truck"},{"value":"RAM3502WD","title":"Ram 3500 Truck"},{"value":"RAM4500","title":"Ram 4500 Truck"},{"value":"DODD50","title":"Ram 50 Truck"},{"value":"CV","title":"RAM C/V"},{"value":"RAMSRT10","title":"Ram SRT-10"},{"value":"RAMVANV8","title":"Ram Van"},{"value":"RAMWAGON","title":"Ram Wagon"},{"value":"RAMCGR","title":"Ramcharger"},{"value":"RAMPAGE","title":"Rampage"},{"value":"DODSHAD","title":"Shadow"},{"value":"DODSPIR","title":"Spirit"},{"value":"SPRINTER","title":"Sprinter"},{"value":"SRT4","title":"SRT-4"},{"value":"STREGIS","title":"St. Regis"},{"value":"STEAL","title":"Stealth"},{"value":"STRATU","title":"Stratus"},{"value":"VIPER","title":"Viper"},{"value":"DOOTH","title":"Other Dodge Models"}]},{"value":"EAGLE","title":"Eagle","models":[{"value":"EAGLEMED","title":"Medallion"},{"value":"EAGLEPREM","title":"Premier"},{"value":"SUMMIT","title":"Summit"},{"value":"TALON","title":"Talon"},{"value":"VISION","title":"Vision"},{"value":"EAGOTH","title":"Other Eagle Models"}]},{"value":"FER","title":"Ferrari","models":[{"value":"308GTB","title":"308 GTB Quattrovalvole"},{"value":"308TBI","title":"308 GTBI"},{"value":"308GTS","title":"308 GTS Quattrovalvole"},{"value":"308TSI","title":"308 GTSI"},{"value":"328GTB","title":"328 GTB"},{"value":"328GTS","title":"328 GTS"},{"value":"348GTB","title":"348 GTB"},{"value":"348GTS","title":"348 GTS"},{"value":"348SPI","title":"348 Spider"},{"value":"348TB","title":"348 TB"},{"value":"348TS","title":"348 TS"},{"value":"360","title":"360"},{"value":"456GT","title":"456 GT"},{"value":"456MGT","title":"456M GT"},{"value":"458ITALIA","title":"458 Italia"},{"value":"512BBI","title":"512 BBi"},{"value":"512M","title":"512M"},{"value":"512TR","title":"512TR"},{"value":"550M","title":"550 Maranello"},{"value":"575M","title":"575M Maranello"},{"value":"599GTB","title":"599 GTB Fiorano"},{"value":"599GTO","title":"599 GTO"},{"value":"612SCAGLIE","title":"612 Scaglietti"},{"value":"FERCALIF","title":"California"},{"value":"ENZO","title":"Enzo"},{"value":"F355","title":"F355"},{"value":"F40","title":"F40"},{"value":"F430","title":"F430"},{"value":"F50","title":"F50"},{"value":"FERFF","title":"FF"},{"value":"MOND","title":"Mondial"},{"value":"TEST","title":"Testarossa"},{"value":"UNAVAILFER","title":"Other Ferrari Models"}]},{"value":"FIAT","title":"FIAT","models":[{"value":"2000","title":"2000 Spider"},{"value":"FIAT500","title":"500"},{"value":"BERTON","title":"Bertone X1/9"},{"value":"BRAVA","title":"Brava"},{"value":"PININ","title":"Pininfarina Spider"},{"value":"STRADA","title":"Strada"},{"value":"FIATX19","title":"X1/9"},{"value":"UNAVAILFIA","title":"Other Fiat Models"}]},{"value":"FISK","title":"Fisker","models":[{"value":"KARMA","title":"Karma"}]},{"value":"FORD","title":"Ford","models":[{"value":"AERO","title":"Aerostar"},{"value":"ASPIRE","title":"Aspire"},{"value":"BRON","title":"Bronco"},{"value":"B2","title":"Bronco II"},{"value":"FOCMAX","title":"C-MAX"},{"value":"FORDCLUB","title":"Club Wagon"},{"value":"CONTOUR","title":"Contour"},{"value":"COURIER","title":"Courier"},{"value":"CROWNVIC","title":"Crown Victoria"},{"value":"E150ECON","title":"E-150 and Econoline 150"},{"value":"E250ECON","title":"E-250 and Econoline 250"},{"value":"E350ECON","title":"E-350 and Econoline 350"},{"value":"EDGE","title":"Edge"},{"value":"ESCAPE","title":"Escape"},{"value":"ESCO","title":"Escort"},{"value":"EXCURSION","title":"Excursion"},{"value":"EXP","title":"EXP"},{"value":"EXPEDI","title":"Expedition"},{"value":"EXPEDIEL","title":"Expedition EL"},{"value":"EXPLOR","title":"Explorer"},{"value":"SPORTTRAC","title":"Explorer Sport Trac"},{"value":"F100","title":"F100"},{"value":"F150PICKUP","title":"F150"},{"value":"F250","title":"F250"},{"value":"F350","title":"F350"},{"value":"F450","title":"F450"},{"value":"FAIRM","title":"Fairmont"},{"value":"FESTIV","title":"Festiva"},{"value":"FIESTA","title":"Fiesta"},{"value":"FIVEHUNDRE","title":"Five Hundred"},{"value":"FLEX","title":"Flex"},{"value":"FOCUS","title":"Focus"},{"value":"FREESTAR","title":"Freestar"},{"value":"FREESTYLE","title":"Freestyle"},{"value":"FUSION","title":"Fusion"},{"value":"GRANADA","title":"Granada"},{"value":"GT","title":"GT"},{"value":"LTD","title":"LTD"},{"value":"MUST","title":"Mustang"},{"value":"PROBE","title":"Probe"},{"value":"RANGER","title":"Ranger"},{"value":"TAURUS","title":"Taurus"},{"value":"TAURUSX","title":"Taurus X"},{"value":"TEMPO","title":"Tempo"},{"value":"TBIRD","title":"Thunderbird"},{"value":"TRANSCONN","title":"Transit Connect"},{"value":"WINDST","title":"Windstar"},{"value":"FORDZX2","title":"ZX2 Escort"},{"value":"FOOTH","title":"Other Ford Models"}]},{"value":"FREIGHT","title":"Freightliner","models":[{"value":"FRESPRINT","title":"Sprinter"}]},{"value":"GEO","title":"Geo","models":[{"value":"GEOMETRO","title":"Metro"},{"value":"GEOPRIZM","title":"Prizm"},{"value":"SPECT","title":"Spectrum"},{"value":"STORM","title":"Storm"},{"value":"GEOTRACK","title":"Tracker"},{"value":"GEOOTH","title":"Other Geo Models"}]},{"value":"GMC","title":"GMC","models":[{"value":"ACADIA","title":"Acadia"},{"value":"CABALLERO","title":"Caballero"},{"value":"CANYON","title":"Canyon"},{"value":"ENVOY","title":"Envoy"},{"value":"ENVOYXL","title":"Envoy XL"},{"value":"ENVOYXUV","title":"Envoy XUV"},{"value":"JIM","title":"Jimmy"},{"value":"RALLYWAG","title":"Rally Wagon"},{"value":"GMCS15","title":"S15 Jimmy"},{"value":"S15","title":"S15 Pickup"},{"value":"SAFARIGMC","title":"Safari"},{"value":"GMCSAVANA","title":"Savana"},{"value":"15SIPU4WD","title":"Sierra C/K1500"},{"value":"GMCC25PU","title":"Sierra C/K2500"},{"value":"GMC3500PU","title":"Sierra C/K3500"},{"value":"SONOMA","title":"Sonoma"},{"value":"SUB","title":"Suburban"},{"value":"GMCSYCLON","title":"Syclone"},{"value":"TERRAIN","title":"Terrain"},{"value":"TOPC4500","title":"TopKick C4500"},{"value":"TYPH","title":"Typhoon"},{"value":"GMCVANDUR","title":"Vandura"},{"value":"YUKON","title":"Yukon"},{"value":"YUKONXL","title":"Yukon XL"},{"value":"GMCOTH","title":"Other GMC Models"}]},{"value":"HONDA","title":"Honda","models":[{"value":"ACCORD","title":"Accord"},{"value":"CIVIC","title":"Civic"},{"value":"CRV","title":"CR-V"},{"value":"CRZ","title":"CR-Z"},{"value":"CRX","title":"CRX"},{"value":"CROSSTOUR_MODELS","title":"Crosstour and Accord Crosstour Models (2)"},{"value":"CROSSTOUR","title":" - Accord Crosstour"},{"value":"HONCROSS","title":" - Crosstour"},{"value":"HONDELSOL","title":"Del Sol"},{"value":"ELEMENT","title":"Element"},{"value":"FIT","title":"Fit"},{"value":"INSIGHT","title":"Insight"},{"value":"ODYSSEY","title":"Odyssey"},{"value":"PASSPO","title":"Passport"},{"value":"PILOT","title":"Pilot"},{"value":"PRE","title":"Prelude"},{"value":"RIDGELINE","title":"Ridgeline"},{"value":"S2000","title":"S2000"},{"value":"HONOTH","title":"Other Honda Models"}]},{"value":"AMGEN","title":"HUMMER","models":[{"value":"HUMMER","title":"H1"},{"value":"H2","title":"H2"},{"value":"H3","title":"H3"},{"value":"H3T","title":"H3T"},{"value":"AMGOTH","title":"Other Hummer Models"}]},{"value":"HYUND","title":"Hyundai","models":[{"value":"ACCENT","title":"Accent"},{"value":"AZERA","title":"Azera"},{"value":"ELANTR","title":"Elantra"},{"value":"HYUELANCPE","title":"Elantra Coupe"},{"value":"ELANTOUR","title":"Elantra Touring"},{"value":"ENTOURAGE","title":"Entourage"},{"value":"EQUUS","title":"Equus"},{"value":"HYUEXCEL","title":"Excel"},{"value":"GENESIS","title":"Genesis"},{"value":"GENESISCPE","title":"Genesis Coupe"},{"value":"SANTAFE","title":"Santa Fe"},{"value":"SCOUPE","title":"Scoupe"},{"value":"SONATA","title":"Sonata"},{"value":"TIBURO","title":"Tiburon"},{"value":"TUCSON","title":"Tucson"},{"value":"VELOSTER","title":"Veloster"},{"value":"VERACRUZ","title":"Veracruz"},{"value":"XG300","title":"XG300"},{"value":"XG350","title":"XG350"},{"value":"HYUOTH","title":"Other Hyundai Models"}]},{"value":"INFIN","title":"Infiniti","models":[{"value":"EX_MODELS","title":"EX Models (2)"},{"value":"EX35","title":" - EX35"},{"value":"EX37","title":" - EX37"},{"value":"FX_MODELS","title":"FX Models (4)"},{"value":"FX35","title":" - FX35"},{"value":"FX37","title":" - FX37"},{"value":"FX45","title":" - FX45"},{"value":"FX50","title":" - FX50"},{"value":"G_MODELS","title":"G Models (4)"},{"value":"G20","title":" - G20"},{"value":"G25","title":" - G25"},{"value":"G35","title":" - G35"},{"value":"G37","title":" - G37"},{"value":"I_MODELS","title":"I Models (2)"},{"value":"I30","title":" - I30"},{"value":"I35","title":" - I35"},{"value":"J_MODELS","title":"J Models (1)"},{"value":"J30","title":" - J30"},{"value":"JX_MODELS","title":"JX Models (1)"},{"value":"JX35","title":" - JX35"},{"value":"M_MODELS","title":"M Models (6)"},{"value":"M30","title":" - M30"},{"value":"M35","title":" - M35"},{"value":"M35HYBRID","title":" - M35h"},{"value":"M37","title":" - M37"},{"value":"M45","title":" - M45"},{"value":"M56","title":" - M56"},{"value":"Q_MODELS","title":"Q Models (1)"},{"value":"Q45","title":" - Q45"},{"value":"QX_MODELS","title":"QX Models (2)"},{"value":"QX4","title":" - QX4"},{"value":"QX56","title":" - QX56"},{"value":"INFOTH","title":"Other Infiniti Models"}]},{"value":"ISU","title":"Isuzu","models":[{"value":"AMIGO","title":"Amigo"},{"value":"ASCENDER","title":"Ascender"},{"value":"AXIOM","title":"Axiom"},{"value":"HOMBRE","title":"Hombre"},{"value":"I280","title":"i-280"},{"value":"I290","title":"i-290"},{"value":"I350","title":"i-350"},{"value":"I370","title":"i-370"},{"value":"ISUMARK","title":"I-Mark"},{"value":"ISUIMP","title":"Impulse"},{"value":"OASIS","title":"Oasis"},{"value":"ISUPU","title":"Pickup"},{"value":"RODEO","title":"Rodeo"},{"value":"STYLUS","title":"Stylus"},{"value":"TROOP","title":"Trooper"},{"value":"TRP2","title":"Trooper II"},{"value":"VEHICROSS","title":"VehiCROSS"},{"value":"ISUOTH","title":"Other Isuzu Models"}]},{"value":"JAG","title":"Jaguar","models":[{"value":"STYPE","title":"S-Type"},{"value":"XTYPE","title":"X-Type"},{"value":"XF","title":"XF"},{"value":"XJ_SERIES","title":"XJ Series (10)"},{"value":"JAGXJ12","title":" - XJ12"},{"value":"JAGXJ6","title":" - XJ6"},{"value":"JAGXJR","title":" - XJR"},{"value":"JAGXJRS","title":" - XJR-S"},{"value":"JAGXJS","title":" - XJS"},{"value":"VANDEN","title":" - XJ Vanden Plas"},{"value":"XJ","title":" - XJ"},{"value":"XJ8","title":" - XJ8"},{"value":"XJ8L","title":" - XJ8 L"},{"value":"XJSPORT","title":" - XJ Sport"},{"value":"XK_SERIES","title":"XK Series (3)"},{"value":"JAGXK8","title":" - XK8"},{"value":"XK","title":" - XK"},{"value":"XKR","title":" - XKR"},{"value":"JAGOTH","title":"Other Jaguar Models"}]},{"value":"JEEP","title":"Jeep","models":[{"value":"CHER","title":"Cherokee"},{"value":"JEEPCJ","title":"CJ"},{"value":"COMANC","title":"Comanche"},{"value":"COMMANDER","title":"Commander"},{"value":"COMPASS","title":"Compass"},{"value":"JEEPGRAND","title":"Grand Cherokee"},{"value":"GRWAG","title":"Grand Wagoneer"},{"value":"LIBERTY","title":"Liberty"},{"value":"PATRIOT","title":"Patriot"},{"value":"JEEPPU","title":"Pickup"},{"value":"SCRAMBLE","title":"Scrambler"},{"value":"WAGONE","title":"Wagoneer"},{"value":"WRANGLER","title":"Wrangler"},{"value":"JEOTH","title":"Other Jeep Models"}]},{"value":"KIA","title":"Kia","models":[{"value":"AMANTI","title":"Amanti"},{"value":"BORREGO","title":"Borrego"},{"value":"FORTE","title":"Forte"},{"value":"FORTEKOUP","title":"Forte Koup"},{"value":"OPTIMA","title":"Optima"},{"value":"RIO","title":"Rio"},{"value":"RIO5","title":"Rio5"},{"value":"RONDO","title":"Rondo"},{"value":"SEDONA","title":"Sedona"},{"value":"SEPHIA","title":"Sephia"},{"value":"SORENTO","title":"Sorento"},{"value":"SOUL","title":"Soul"},{"value":"SPECTRA","title":"Spectra"},{"value":"SPECTRA5","title":"Spectra5"},{"value":"SPORTA","title":"Sportage"},{"value":"KIAOTH","title":"Other Kia Models"}]},{"value":"LAM","title":"Lamborghini","models":[{"value":"AVENT","title":"Aventador"},{"value":"COUNT","title":"Countach"},{"value":"DIABLO","title":"Diablo"},{"value":"GALLARDO","title":"Gallardo"},{"value":"JALPA","title":"Jalpa"},{"value":"LM002","title":"LM002"},{"value":"MURCIELAGO","title":"Murcielago"},{"value":"UNAVAILLAM","title":"Other Lamborghini Models"}]},{"value":"LAN","title":"Lancia","models":[{"value":"BETA","title":"Beta"},{"value":"ZAGATO","title":"Zagato"},{"value":"UNAVAILLAN","title":"Other Lancia Models"}]},{"value":"ROV","title":"Land Rover","models":[{"value":"DEFEND","title":"Defender"},{"value":"DISCOV","title":"Discovery"},{"value":"FRELNDR","title":"Freelander"},{"value":"LR2","title":"LR2"},{"value":"LR3","title":"LR3"},{"value":"LR4","title":"LR4"},{"value":"RANGE","title":"Range Rover"},{"value":"EVOQUE","title":"Range Rover Evoque"},{"value":"RANGESPORT","title":"Range Rover Sport"},{"value":"ROVOTH","title":"Other Land Rover Models"}]},{"value":"LEXUS","title":"Lexus","models":[{"value":"CT_MODELS","title":"CT Models (1)"},{"value":"CT200H","title":" - CT 200h"},{"value":"ES_MODELS","title":"ES Models (5)"},{"value":"ES250","title":" - ES 250"},{"value":"ES300","title":" - ES 300"},{"value":"ES300H","title":" - ES 300h"},{"value":"ES330","title":" - ES 330"},{"value":"ES350","title":" - ES 350"},{"value":"GS_MODELS","title":"GS Models (6)"},{"value":"GS300","title":" - GS 300"},{"value":"GS350","title":" - GS 350"},{"value":"GS400","title":" - GS 400"},{"value":"GS430","title":" - GS 430"},{"value":"GS450H","title":" - GS 450h"},{"value":"GS460","title":" - GS 460"},{"value":"GX_MODELS","title":"GX Models (2)"},{"value":"GX460","title":" - GX 460"},{"value":"GX470","title":" - GX 470"},{"value":"HS_MODELS","title":"HS Models (1)"},{"value":"HS250H","title":" - HS 250h"},{"value":"IS_MODELS","title":"IS Models (6)"},{"value":"IS250","title":" - IS 250"},{"value":"IS250C","title":" - IS 250C"},{"value":"IS300","title":" - IS 300"},{"value":"IS350","title":" - IS 350"},{"value":"IS350C","title":" - IS 350C"},{"value":"ISF","title":" - IS F"},{"value":"LEXLFA","title":"LFA"},{"value":"LS_MODELS","title":"LS Models (4)"},{"value":"LS400","title":" - LS 400"},{"value":"LS430","title":" - LS 430"},{"value":"LS460","title":" - LS 460"},{"value":"LS600H","title":" - LS 600h"},{"value":"LX_MODELS","title":"LX Models (3)"},{"value":"LX450","title":" - LX 450"},{"value":"LX470","title":" - LX 470"},{"value":"LX570","title":" - LX 570"},{"value":"RX_MODELS","title":"RX Models (5)"},{"value":"RX300","title":" - RX 300"},{"value":"RX330","title":" - RX 330"},{"value":"RX350","title":" - RX 350"},{"value":"RX400H","title":" - RX 400h"},{"value":"RX450H","title":" - RX 450h"},{"value":"SC_MODELS","title":"SC Models (3)"},{"value":"SC300","title":" - SC 300"},{"value":"SC400","title":" - SC 400"},{"value":"SC430","title":" - SC 430"},{"value":"LEXOTH","title":"Other Lexus Models"}]},{"value":"LINC","title":"Lincoln","models":[{"value":"AVIATOR","title":"Aviator"},{"value":"BLKWOOD","title":"Blackwood"},{"value":"CONT","title":"Continental"},{"value":"LSLINCOLN","title":"LS"},{"value":"MARKLT","title":"Mark LT"},{"value":"MARK6","title":"Mark VI"},{"value":"MARK7","title":"Mark VII"},{"value":"MARK8","title":"Mark VIII"},{"value":"MKS","title":"MKS"},{"value":"MKT","title":"MKT"},{"value":"MKX","title":"MKX"},{"value":"MKZ","title":"MKZ"},{"value":"NAVIGA","title":"Navigator"},{"value":"NAVIGAL","title":"Navigator L"},{"value":"LINCTC","title":"Town Car"},{"value":"ZEPHYR","title":"Zephyr"},{"value":"LINOTH","title":"Other Lincoln Models"}]},{"value":"LOTUS","title":"Lotus","models":[{"value":"ELAN","title":"Elan"},{"value":"LOTELISE","title":"Elise"},{"value":"ESPRIT","title":"Esprit"},{"value":"EVORA","title":"Evora"},{"value":"EXIGE","title":"Exige"},{"value":"UNAVAILLOT","title":"Other Lotus Models"}]},{"value":"MAS","title":"Maserati","models":[{"value":"430","title":"430"},{"value":"BITRBO","title":"Biturbo"},{"value":"COUPEMAS","title":"Coupe"},{"value":"GRANSPORT","title":"GranSport"},{"value":"GRANTURISM","title":"GranTurismo"},{"value":"QP","title":"Quattroporte"},{"value":"SPYDER","title":"Spyder"},{"value":"UNAVAILMAS","title":"Other Maserati Models"}]},{"value":"MAYBACH","title":"Maybach","models":[{"value":"57MAYBACH","title":"57"},{"value":"62MAYBACH","title":"62"},{"value":"UNAVAILMAY","title":"Other Maybach Models"}]},{"value":"MAZDA","title":"Mazda","models":[{"value":"MAZDA323","title":"323"},{"value":"MAZDA626","title":"626"},{"value":"929","title":"929"},{"value":"B-SERIES","title":"B-Series Pickup"},{"value":"CX-5","title":"CX-5"},{"value":"CX-7","title":"CX-7"},{"value":"CX-9","title":"CX-9"},{"value":"GLC","title":"GLC"},{"value":"MAZDA2","title":"MAZDA2"},{"value":"MAZDA3","title":"MAZDA3"},{"value":"MAZDA5","title":"MAZDA5"},{"value":"MAZDA6","title":"MAZDA6"},{"value":"MAZDASPD3","title":"MAZDASPEED3"},{"value":"MAZDASPD6","title":"MAZDASPEED6"},{"value":"MIATA","title":"Miata MX5"},{"value":"MILL","title":"Millenia"},{"value":"MPV","title":"MPV"},{"value":"MX3","title":"MX3"},{"value":"MX6","title":"MX6"},{"value":"NAVAJO","title":"Navajo"},{"value":"PROTE","title":"Protege"},{"value":"PROTE5","title":"Protege5"},{"value":"RX7","title":"RX-7"},{"value":"RX8","title":"RX-8"},{"value":"TRIBUTE","title":"Tribute"},{"value":"MAZOTH","title":"Other Mazda Models"}]},{"value":"MCLAREN","title":"McLaren","models":[{"value":"MP4","title":"MP4-12C"}]},{"value":"MB","title":"Mercedes-Benz","models":[{"value":"190_CLASS","title":"190 Class (2)"},{"value":"190D","title":" - 190D"},{"value":"190E","title":" - 190E"},{"value":"240_CLASS","title":"240 Class (1)"},{"value":"240D","title":" - 240D"},{"value":"300_CLASS_E_CLASS","title":"300 Class / E Class (6)"},{"value":"300CD","title":" - 300CD"},{"value":"300CE","title":" - 300CE"},{"value":"300D","title":" - 300D"},{"value":"300E","title":" - 300E"},{"value":"300TD","title":" - 300TD"},{"value":"300TE","title":" - 300TE"},{"value":"C_CLASS","title":"C Class (13)"},{"value":"C220","title":" - C220"},{"value":"C230","title":" - C230"},{"value":"C240","title":" - C240"},{"value":"C250","title":" - C250"},{"value":"C280","title":" - C280"},{"value":"C300","title":" - C300"},{"value":"C320","title":" - C320"},{"value":"C32AMG","title":" - C32 AMG"},{"value":"C350","title":" - C350"},{"value":"C36AMG","title":" - C36 AMG"},{"value":"C43AMG","title":" - C43 AMG"},{"value":"C55AMG","title":" - C55 AMG"},{"value":"C63AMG","title":" - C63 AMG"},{"value":"CL_CLASS","title":"CL Class (6)"},{"value":"CL500","title":" - CL500"},{"value":"CL550","title":" - CL550"},{"value":"CL55AMG","title":" - CL55 AMG"},{"value":"CL600","title":" - CL600"},{"value":"CL63AMG","title":" - CL63 AMG"},{"value":"CL65AMG","title":" - CL65 AMG"},{"value":"CLK_CLASS","title":"CLK Class (7)"},{"value":"CLK320","title":" - CLK320"},{"value":"CLK350","title":" - CLK350"},{"value":"CLK430","title":" - CLK430"},{"value":"CLK500","title":" - CLK500"},{"value":"CLK550","title":" - CLK550"},{"value":"CLK55AMG","title":" - CLK55 AMG"},{"value":"CLK63AMG","title":" - CLK63 AMG"},{"value":"CLS_CLASS","title":"CLS Class (4)"},{"value":"CLS500","title":" - CLS500"},{"value":"CLS550","title":" - CLS550"},{"value":"CLS55AMG","title":" - CLS55 AMG"},{"value":"CLS63AMG","title":" - CLS63 AMG"},{"value":"E_CLASS","title":"E Class (18)"},{"value":"260E","title":" - 260E"},{"value":"280CE","title":" - 280CE"},{"value":"280E","title":" - 280E"},{"value":"400E","title":" - 400E"},{"value":"500E","title":" - 500E"},{"value":"E300","title":" - E300"},{"value":"E320","title":" - E320"},{"value":"E320BLUE","title":" - E320 Bluetec"},{"value":"E320CDI","title":" - E320 CDI"},{"value":"E350","title":" - E350"},{"value":"E350BLUE","title":" - E350 Bluetec"},{"value":"E400","title":" - E400 Hybrid"},{"value":"E420","title":" - E420"},{"value":"E430","title":" - E430"},{"value":"E500","title":" - E500"},{"value":"E550","title":" - E550"},{"value":"E55AMG","title":" - E55 AMG"},{"value":"E63AMG","title":" - E63 AMG"},{"value":"G_CLASS","title":"G Class (4)"},{"value":"G500","title":" - G500"},{"value":"G550","title":" - G550"},{"value":"G55AMG","title":" - G55 AMG"},{"value":"G63AMG","title":" - G63 AMG"},{"value":"GL_CLASS","title":"GL Class (5)"},{"value":"GL320BLUE","title":" - GL320 Bluetec"},{"value":"GL320CDI","title":" - GL320 CDI"},{"value":"GL350BLUE","title":" - GL350 Bluetec"},{"value":"GL450","title":" - GL450"},{"value":"GL550","title":" - GL550"},{"value":"GLK_CLASS","title":"GLK Class (1)"},{"value":"GLK350","title":" - GLK350"},{"value":"M_CLASS","title":"M Class (11)"},{"value":"ML320","title":" - ML320"},{"value":"ML320BLUE","title":" - ML320 Bluetec"},{"value":"ML320CDI","title":" - ML320 CDI"},{"value":"ML350","title":" - ML350"},{"value":"ML350BLUE","title":" - ML350 Bluetec"},{"value":"ML430","title":" - ML430"},{"value":"ML450HY","title":" - ML450 Hybrid"},{"value":"ML500","title":" - ML500"},{"value":"ML550","title":" - ML550"},{"value":"ML55AMG","title":" - ML55 AMG"},{"value":"ML63AMG","title":" - ML63 AMG"},{"value":"R_CLASS","title":"R Class (6)"},{"value":"R320BLUE","title":" - R320 Bluetec"},{"value":"R320CDI","title":" - R320 CDI"},{"value":"R350","title":" - R350"},{"value":"R350BLUE","title":" - R350 Bluetec"},{"value":"R500","title":" - R500"},{"value":"R63AMG","title":" - R63 AMG"},{"value":"S_CLASS","title":"S Class (30)"},{"value":"300SD","title":" - 300SD"},{"value":"300SDL","title":" - 300SDL"},{"value":"300SE","title":" - 300SE"},{"value":"300SEL","title":" - 300SEL"},{"value":"350SD","title":" - 350SD"},{"value":"350SDL","title":" - 350SDL"},{"value":"380SE","title":" - 380SE"},{"value":"380SEC","title":" - 380SEC"},{"value":"380SEL","title":" - 380SEL"},{"value":"400SE","title":" - 400SE"},{"value":"400SEL","title":" - 400SEL"},{"value":"420SEL","title":" - 420SEL"},{"value":"500SEC","title":" - 500SEC"},{"value":"500SEL","title":" - 500SEL"},{"value":"560SEC","title":" - 560SEC"},{"value":"560SEL","title":" - 560SEL"},{"value":"600SEC","title":" - 600SEC"},{"value":"600SEL","title":" - 600SEL"},{"value":"S320","title":" - S320"},{"value":"S350","title":" - S350"},{"value":"S350BLUE","title":" - S350 Bluetec"},{"value":"S400HY","title":" - S400 Hybrid"},{"value":"S420","title":" - S420"},{"value":"S430","title":" - S430"},{"value":"S500","title":" - S500"},{"value":"S550","title":" - S550"},{"value":"S55AMG","title":" - S55 AMG"},{"value":"S600","title":" - S600"},{"value":"S63AMG","title":" - S63 AMG"},{"value":"S65AMG","title":" - S65 AMG"},{"value":"SL_CLASS","title":"SL Class (13)"},{"value":"300SL","title":" - 300SL"},{"value":"380SL","title":" - 380SL"},{"value":"380SLC","title":" - 380SLC"},{"value":"500SL","title":" - 500SL"},{"value":"560SL","title":" - 560SL"},{"value":"600SL","title":" - 600SL"},{"value":"SL320","title":" - SL320"},{"value":"SL500","title":" - SL500"},{"value":"SL550","title":" - SL550"},{"value":"SL55AMG","title":" - SL55 AMG"},{"value":"SL600","title":" - SL600"},{"value":"SL63AMG","title":" - SL63 AMG"},{"value":"SL65AMG","title":" - SL65 AMG"},{"value":"SLK_CLASS","title":"SLK Class (8)"},{"value":"SLK230","title":" - SLK230"},{"value":"SLK250","title":" - SLK250"},{"value":"SLK280","title":" - SLK280"},{"value":"SLK300","title":" - SLK300"},{"value":"SLK320","title":" - SLK320"},{"value":"SLK32AMG","title":" - SLK32 AMG"},{"value":"SLK350","title":" - SLK350"},{"value":"SLK55AMG","title":" - SLK55 AMG"},{"value":"SLR_CLASS","title":"SLR Class (1)"},{"value":"SLR","title":" - SLR"},{"value":"SLS_CLASS","title":"SLS Class (1)"},{"value":"SLSAMG","title":" - SLS AMG"},{"value":"SPRINTER_CLASS","title":"Sprinter Class (1)"},{"value":"MBSPRINTER","title":" - Sprinter"},{"value":"MBOTH","title":"Other Mercedes-Benz Models"}]},{"value":"MERC","title":"Mercury","models":[{"value":"CAPRI","title":"Capri"},{"value":"COUGAR","title":"Cougar"},{"value":"MERCGRAND","title":"Grand Marquis"},{"value":"LYNX","title":"Lynx"},{"value":"MARAUDER","title":"Marauder"},{"value":"MARINER","title":"Mariner"},{"value":"MARQ","title":"Marquis"},{"value":"MILAN","title":"Milan"},{"value":"MONTEGO","title":"Montego"},{"value":"MONTEREY","title":"Monterey"},{"value":"MOUNTA","title":"Mountaineer"},{"value":"MYSTIQ","title":"Mystique"},{"value":"SABLE","title":"Sable"},{"value":"TOPAZ","title":"Topaz"},{"value":"TRACER","title":"Tracer"},{"value":"VILLA","title":"Villager"},{"value":"MERCZEP","title":"Zephyr"},{"value":"MEOTH","title":"Other Mercury Models"}]},{"value":"MERKUR","title":"Merkur","models":[{"value":"SCORP","title":"Scorpio"},{"value":"XR4TI","title":"XR4Ti"},{"value":"MEROTH","title":"Other Merkur Models"}]},{"value":"MINI","title":"MINI","models":[{"value":"COOPRCLUB_MODELS","title":"Cooper Clubman Models (2)"},{"value":"COOPERCLUB","title":" - Cooper Clubman"},{"value":"COOPRCLUBS","title":" - Cooper S Clubman"},{"value":"COOPCOUNTRY_MODELS","title":"Cooper Countryman Models (2)"},{"value":"COUNTRYMAN","title":" - Cooper Countryman"},{"value":"COUNTRYMNS","title":" - Cooper S Countryman"},{"value":"COOPCOUP_MODELS","title":"Cooper Coupe Models (2)"},{"value":"MINICOUPE","title":" - Cooper Coupe"},{"value":"MINISCOUPE","title":" - Cooper S Coupe"},{"value":"COOPER_MODELS","title":"Cooper Models (2)"},{"value":"COOPER","title":" - Cooper"},{"value":"COOPERS","title":" - Cooper S"},{"value":"COOPRROAD_MODELS","title":"Cooper Roadster Models (2)"},{"value":"COOPERROAD","title":" - Cooper Roadster"},{"value":"COOPERSRD","title":" - Cooper S Roadster"}]},{"value":"MIT","title":"Mitsubishi","models":[{"value":"3000GT","title":"3000GT"},{"value":"CORD","title":"Cordia"},{"value":"DIAMAN","title":"Diamante"},{"value":"ECLIP","title":"Eclipse"},{"value":"ENDEAVOR","title":"Endeavor"},{"value":"MITEXP","title":"Expo"},{"value":"GALANT","title":"Galant"},{"value":"MITI","title":"i"},{"value":"LANCERMITS","title":"Lancer"},{"value":"LANCEREVO","title":"Lancer Evolution"},{"value":"MITPU","title":"Mighty Max"},{"value":"MIRAGE","title":"Mirage"},{"value":"MONT","title":"Montero"},{"value":"MONTSPORT","title":"Montero Sport"},{"value":"OUTLANDER","title":"Outlander"},{"value":"OUTLANDSPT","title":"Outlander Sport"},{"value":"PRECIS","title":"Precis"},{"value":"RAIDERMITS","title":"Raider"},{"value":"SIGMA","title":"Sigma"},{"value":"MITSTAR","title":"Starion"},{"value":"TRED","title":"Tredia"},{"value":"MITVAN","title":"Van"},{"value":"MITOTH","title":"Other Mitsubishi Models"}]},{"value":"NISSAN","title":"Nissan","models":[{"value":"NIS200SX","title":"200SX"},{"value":"240SX","title":"240SX"},{"value":"300ZXTURBO","title":"300ZX"},{"value":"350Z","title":"350Z"},{"value":"370Z","title":"370Z"},{"value":"ALTIMA","title":"Altima"},{"value":"PATHARMADA","title":"Armada"},{"value":"AXXESS","title":"Axxess"},{"value":"CUBE","title":"Cube"},{"value":"FRONTI","title":"Frontier"},{"value":"GT-R","title":"GT-R"},{"value":"JUKE","title":"Juke"},{"value":"LEAF","title":"Leaf"},{"value":"MAX","title":"Maxima"},{"value":"MURANO","title":"Murano"},{"value":"MURANOCROS","title":"Murano CrossCabriolet"},{"value":"NV","title":"NV"},{"value":"NX","title":"NX"},{"value":"PATH","title":"Pathfinder"},{"value":"NISPU","title":"Pickup"},{"value":"PULSAR","title":"Pulsar"},{"value":"QUEST","title":"Quest"},{"value":"ROGUE","title":"Rogue"},{"value":"SENTRA","title":"Sentra"},{"value":"STANZA","title":"Stanza"},{"value":"TITAN","title":"Titan"},{"value":"NISVAN","title":"Van"},{"value":"VERSA","title":"Versa"},{"value":"XTERRA","title":"Xterra"},{"value":"NISSOTH","title":"Other Nissan Models"}]},{"value":"OLDS","title":"Oldsmobile","models":[{"value":"88","title":"88"},{"value":"ACHIEV","title":"Achieva"},{"value":"ALERO","title":"Alero"},{"value":"AURORA","title":"Aurora"},{"value":"BRAV","title":"Bravada"},{"value":"CUCR","title":"Custom Cruiser"},{"value":"OLDCUS","title":"Cutlass"},{"value":"OLDCALAIS","title":"Cutlass Calais"},{"value":"CIERA","title":"Cutlass Ciera"},{"value":"CSUPR","title":"Cutlass Supreme"},{"value":"OLDSFIR","title":"Firenza"},{"value":"INTRIG","title":"Intrigue"},{"value":"98","title":"Ninety-Eight"},{"value":"OMEG","title":"Omega"},{"value":"REGEN","title":"Regency"},{"value":"SILHO","title":"Silhouette"},{"value":"TORO","title":"Toronado"},{"value":"OLDOTH","title":"Other Oldsmobile Models"}]},{"value":"PEUG","title":"Peugeot","models":[{"value":"405","title":"405"},{"value":"504","title":"504"},{"value":"505","title":"505"},{"value":"604","title":"604"},{"value":"UNAVAILPEU","title":"Other Peugeot Models"}]},{"value":"PLYM","title":"Plymouth","models":[{"value":"ACC","title":"Acclaim"},{"value":"ARROW","title":"Arrow"},{"value":"BREEZE","title":"Breeze"},{"value":"CARAVE","title":"Caravelle"},{"value":"CHAMP","title":"Champ"},{"value":"COLT","title":"Colt"},{"value":"PLYMCONQ","title":"Conquest"},{"value":"GRANFURY","title":"Gran Fury"},{"value":"PLYMGRANV","title":"Grand Voyager"},{"value":"HORI","title":"Horizon"},{"value":"LASER","title":"Laser"},{"value":"NEON","title":"Neon"},{"value":"PROWLE","title":"Prowler"},{"value":"RELI","title":"Reliant"},{"value":"SAPPOROPLY","title":"Sapporo"},{"value":"SCAMP","title":"Scamp"},{"value":"SUNDAN","title":"Sundance"},{"value":"TRAILDUST","title":"Trailduster"},{"value":"VOYA","title":"Voyager"},{"value":"PLYOTH","title":"Other Plymouth Models"}]},{"value":"PONT","title":"Pontiac","models":[{"value":"T-1000","title":"1000"},{"value":"6000","title":"6000"},{"value":"AZTEK","title":"Aztek"},{"value":"BON","title":"Bonneville"},{"value":"CATALINA","title":"Catalina"},{"value":"FIERO","title":"Fiero"},{"value":"FBIRD","title":"Firebird"},{"value":"G3","title":"G3"},{"value":"G5","title":"G5"},{"value":"G6","title":"G6"},{"value":"G8","title":"G8"},{"value":"GRNDAM","title":"Grand Am"},{"value":"GP","title":"Grand Prix"},{"value":"GTO","title":"GTO"},{"value":"J2000","title":"J2000"},{"value":"LEMANS","title":"Le Mans"},{"value":"MONTANA","title":"Montana"},{"value":"PARISI","title":"Parisienne"},{"value":"PHOENIX","title":"Phoenix"},{"value":"SAFARIPONT","title":"Safari"},{"value":"SOLSTICE","title":"Solstice"},{"value":"SUNBIR","title":"Sunbird"},{"value":"SUNFIR","title":"Sunfire"},{"value":"TORRENT","title":"Torrent"},{"value":"TS","title":"Trans Sport"},{"value":"VIBE","title":"Vibe"},{"value":"PONOTH","title":"Other Pontiac Models"}]},{"value":"POR","title":"Porsche","models":[{"value":"911","title":"911"},{"value":"924","title":"924"},{"value":"928","title":"928"},{"value":"944","title":"944"},{"value":"968","title":"968"},{"value":"BOXSTE","title":"Boxster"},{"value":"CARRERAGT","title":"Carrera GT"},{"value":"CAYENNE","title":"Cayenne"},{"value":"CAYMAN","title":"Cayman"},{"value":"PANAMERA","title":"Panamera"},{"value":"POROTH","title":"Other Porsche Models"}]},{"value":"RAM","title":"RAM","models":[{"value":"RAM1504WD","title":"1500"},{"value":"RAM25002WD","title":"2500"},{"value":"RAM3502WD","title":"3500"},{"value":"RAM4500","title":"4500"}]},{"value":"REN","title":"Renault","models":[{"value":"18I","title":"18i"},{"value":"FU","title":"Fuego"},{"value":"LECAR","title":"Le Car"},{"value":"R18","title":"R18"},{"value":"RENSPORT","title":"Sportwagon"},{"value":"UNAVAILREN","title":"Other Renault Models"}]},{"value":"RR","title":"Rolls-Royce","models":[{"value":"CAMAR","title":"Camargue"},{"value":"CORN","title":"Corniche"},{"value":"GHOST","title":"Ghost"},{"value":"PARKWARD","title":"Park Ward"},{"value":"PHANT","title":"Phantom"},{"value":"DAWN","title":"Silver Dawn"},{"value":"SILSERAPH","title":"Silver Seraph"},{"value":"RRSPIR","title":"Silver Spirit"},{"value":"SPUR","title":"Silver Spur"},{"value":"UNAVAILRR","title":"Other Rolls-Royce Models"}]},{"value":"SAAB","title":"Saab","models":[{"value":"9-2X","title":"9-2X"},{"value":"9-3","title":"9-3"},{"value":"9-4X","title":"9-4X"},{"value":"9-5","title":"9-5"},{"value":"97X","title":"9-7X"},{"value":"900","title":"900"},{"value":"9000","title":"9000"},{"value":"SAOTH","title":"Other Saab Models"}]},{"value":"SATURN","title":"Saturn","models":[{"value":"ASTRA","title":"Astra"},{"value":"AURA","title":"Aura"},{"value":"ION","title":"ION"},{"value":"L_SERIES","title":"L Series (3)"},{"value":"L100","title":" - L100"},{"value":"L200","title":" - L200"},{"value":"L300","title":" - L300"},{"value":"LSSATURN","title":"LS"},{"value":"LW_SERIES","title":"LW Series (4)"},{"value":"LW","title":" - LW1"},{"value":"LW2","title":" - LW2"},{"value":"LW200","title":" - LW200"},{"value":"LW300","title":" - LW300"},{"value":"OUTLOOK","title":"Outlook"},{"value":"RELAY","title":"Relay"},{"value":"SC_SERIES","title":"SC Series (2)"},{"value":"SC1","title":" - SC1"},{"value":"SC2","title":" - SC2"},{"value":"SKY","title":"Sky"},{"value":"SL_SERIES","title":"SL Series (3)"},{"value":"SL","title":" - SL"},{"value":"SL1","title":" - SL1"},{"value":"SL2","title":" - SL2"},{"value":"SW_SERIES","title":"SW Series (2)"},{"value":"SW1","title":" - SW1"},{"value":"SW2","title":" - SW2"},{"value":"VUE","title":"Vue"},{"value":"SATOTH","title":"Other Saturn Models"}]},{"value":"SCION","title":"Scion","models":[{"value":"SCIFRS","title":"FR-S"},{"value":"IQ","title":"iQ"},{"value":"TC","title":"tC"},{"value":"XA","title":"xA"},{"value":"XB","title":"xB"},{"value":"XD","title":"xD"}]},{"value":"SMART","title":"smart","models":[{"value":"FORTWO","title":"fortwo"},{"value":"SMOTH","title":"Other smart Models"}]},{"value":"SRT","title":"SRT","models":[{"value":"SRTVIPER","title":"Viper"}]},{"value":"STERL","title":"Sterling","models":[{"value":"825","title":"825"},{"value":"827","title":"827"},{"value":"UNAVAILSTE","title":"Other Sterling Models"}]},{"value":"SUB","title":"Subaru","models":[{"value":"BAJA","title":"Baja"},{"value":"BRAT","title":"Brat"},{"value":"SUBBRZ","title":"BRZ"},{"value":"FOREST","title":"Forester"},{"value":"IMPREZ","title":"Impreza"},{"value":"IMPWRX","title":"Impreza WRX"},{"value":"JUSTY","title":"Justy"},{"value":"SUBL","title":"L Series"},{"value":"LEGACY","title":"Legacy"},{"value":"LOYALE","title":"Loyale"},{"value":"SUBOUTBK","title":"Outback"},{"value":"SVX","title":"SVX"},{"value":"B9TRIBECA","title":"Tribeca"},{"value":"XT","title":"XT"},{"value":"XVCRSSTREK","title":"XV Crosstrek"},{"value":"SUBOTH","title":"Other Subaru Models"}]},{"value":"SUZUKI","title":"Suzuki","models":[{"value":"AERIO","title":"Aerio"},{"value":"EQUATOR","title":"Equator"},{"value":"ESTEEM","title":"Esteem"},{"value":"FORENZA","title":"Forenza"},{"value":"GRANDV","title":"Grand Vitara"},{"value":"KIZASHI","title":"Kizashi"},{"value":"RENO","title":"Reno"},{"value":"SAMUR","title":"Samurai"},{"value":"SIDE","title":"Sidekick"},{"value":"SWIFT","title":"Swift"},{"value":"SX4","title":"SX4"},{"value":"VERONA","title":"Verona"},{"value":"VITARA","title":"Vitara"},{"value":"X90","title":"X-90"},{"value":"XL7","title":"XL7"},{"value":"SUZOTH","title":"Other Suzuki Models"}]},{"value":"TESLA","title":"Tesla","models":[{"value":"ROADSTER","title":"Roadster"}]},{"value":"TOYOTA","title":"Toyota","models":[{"value":"4RUN","title":"4Runner"},{"value":"AVALON","title":"Avalon"},{"value":"CAMRY","title":"Camry"},{"value":"CELICA","title":"Celica"},{"value":"COROL","title":"Corolla"},{"value":"CORONA","title":"Corona"},{"value":"CRESS","title":"Cressida"},{"value":"ECHO","title":"Echo"},{"value":"FJCRUIS","title":"FJ Cruiser"},{"value":"HIGHLANDER","title":"Highlander"},{"value":"LC","title":"Land Cruiser"},{"value":"MATRIX","title":"Matrix"},{"value":"MR2","title":"MR2"},{"value":"MR2SPYDR","title":"MR2 Spyder"},{"value":"PASEO","title":"Paseo"},{"value":"PICKUP","title":"Pickup"},{"value":"PREVIA","title":"Previa"},{"value":"PRIUS","title":"Prius"},{"value":"PRIUSC","title":"Prius C"},{"value":"PRIUSV","title":"Prius V"},{"value":"RAV4","title":"RAV4"},{"value":"SEQUOIA","title":"Sequoia"},{"value":"SIENNA","title":"Sienna"},{"value":"SOLARA","title":"Solara"},{"value":"STARLET","title":"Starlet"},{"value":"SUPRA","title":"Supra"},{"value":"T100","title":"T100"},{"value":"TACOMA","title":"Tacoma"},{"value":"TERCEL","title":"Tercel"},{"value":"TUNDRA","title":"Tundra"},{"value":"TOYVAN","title":"Van"},{"value":"VENZA","title":"Venza"},{"value":"YARIS","title":"Yaris"},{"value":"TOYOTH","title":"Other Toyota Models"}]},{"value":"TRI","title":"Triumph","models":[{"value":"TR7","title":"TR7"},{"value":"TR8","title":"TR8"},{"value":"TRIOTH","title":"Other Triumph Models"}]},{"value":"VOLKS","title":"Volkswagen","models":[{"value":"BEETLE","title":"Beetle"},{"value":"VOLKSCAB","title":"Cabrio"},{"value":"CAB","title":"Cabriolet"},{"value":"CC","title":"CC"},{"value":"CORR","title":"Corrado"},{"value":"DASHER","title":"Dasher"},{"value":"EOS","title":"Eos"},{"value":"EUROVAN","title":"Eurovan"},{"value":"VOLKSFOX","title":"Fox"},{"value":"GLI","title":"GLI"},{"value":"GOLFR","title":"Golf R"},{"value":"GTI","title":"GTI"},{"value":"GOLFANDRABBITMODELS","title":"Golf and Rabbit Models (2)"},{"value":"GOLF","title":" - Golf"},{"value":"RABBIT","title":" - Rabbit"},{"value":"JET","title":"Jetta"},{"value":"PASS","title":"Passat"},{"value":"PHAETON","title":"Phaeton"},{"value":"RABBITPU","title":"Pickup"},{"value":"QUAN","title":"Quantum"},{"value":"R32","title":"R32"},{"value":"ROUTAN","title":"Routan"},{"value":"SCIR","title":"Scirocco"},{"value":"TIGUAN","title":"Tiguan"},{"value":"TOUAREG","title":"Touareg"},{"value":"VANAG","title":"Vanagon"},{"value":"VWOTH","title":"Other Volkswagen Models"}]},{"value":"VOLVO","title":"Volvo","models":[{"value":"240","title":"240"},{"value":"260","title":"260"},{"value":"740","title":"740"},{"value":"760","title":"760"},{"value":"780","title":"780"},{"value":"850","title":"850"},{"value":"940","title":"940"},{"value":"960","title":"960"},{"value":"C30","title":"C30"},{"value":"C70","title":"C70"},{"value":"S40","title":"S40"},{"value":"S60","title":"S60"},{"value":"S70","title":"S70"},{"value":"S80","title":"S80"},{"value":"S90","title":"S90"},{"value":"V40","title":"V40"},{"value":"V50","title":"V50"},{"value":"V70","title":"V70"},{"value":"V90","title":"V90"},{"value":"XC60","title":"XC60"},{"value":"XC","title":"XC70"},{"value":"XC90","title":"XC90"},{"value":"VOLOTH","title":"Other Volvo Models"}]},{"value":"YUGO","title":"Yugo","models":[{"value":"GV","title":"GV"},{"value":"GVC","title":"GVC"},{"value":"GVL","title":"GVL"},{"value":"GVS","title":"GVS"},{"value":"GVX","title":"GVX"},{"value":"YUOTH","title":"Other Yugo Models"}]}]
